calibration,target,horizon,test,validate,optimism
Platt cross-fitted on training years,dry,7,0.03702456365094786,0.018489447223495548,-0.018535116427452314
Platt cross-fitted on training years,dry,14,0.023785297392182048,0.05092463694513005,0.027139339552948005
Platt cross-fitted on training years,dry,21,0.005788499169832706,0.02538433726341538,0.019595838093582674
Platt cross-fitted on training years,dry,28,-0.00661498205046418,-0.0165890862825524,-0.009974104232088221
Platt cross-fitted on training years,heavy,7,0.01658923319817429,0.018973792310071014,0.0023845591118967224
Platt cross-fitted on training years,heavy,14,-0.014170481640927601,0.027843394082946893,0.042013875723874494
Platt cross-fitted on training years,heavy,21,-0.0404976782211548,0.041857579957269464,0.08235525817842426
Platt cross-fitted on training years,heavy,28,-0.05975836895867581,0.03842857979583769,0.0981869487545135
Platt cross-fitted on training years,onset,7,0.032889470958468836,0.031404631140473094,-0.0014848398179957423
Platt cross-fitted on training years,onset,14,-0.0013368918243843453,0.01379902086791085,0.015135912692295195
Platt cross-fitted on training years,onset,21,-0.01419664115781094,-0.05556435453692843,-0.04136771337911749
Platt cross-fitted on training years,onset,28,-0.07706477463001082,-0.03844389705640494,0.03862087757360588
isotonic cross-fitted on training years,dry,7,0.031930162123188666,0.014803634650812025,-0.01712652747237664
isotonic cross-fitted on training years,dry,14,0.01877396487876659,0.046276109388690756,0.027502144509924165
isotonic cross-fitted on training years,dry,21,0.004379004242503037,0.01590640351164263,0.011527399269139593
isotonic cross-fitted on training years,dry,28,-0.009900927288887917,-0.024027158339915422,-0.014126231051027505
isotonic cross-fitted on training years,heavy,7,0.019699539016458267,0.017785340328830612,-0.001914198687627655
isotonic cross-fitted on training years,heavy,14,-0.007194651795449758,0.026774335514226255,0.03396898730967601
isotonic cross-fitted on training years,heavy,21,-0.032748139699726675,0.043175433204479474,0.07592357290420615
isotonic cross-fitted on training years,heavy,28,-0.05313420418803161,0.02841470310230343,0.08154890729033504
isotonic cross-fitted on training years,onset,7,0.03153533550167975,0.02973218964327884,-0.001803145858400912
isotonic cross-fitted on training years,onset,14,0.0007890447134822898,-0.0036983955462561724,-0.004487440259738462
isotonic cross-fitted on training years,onset,21,-0.013887919804817184,-0.06591973302844156,-0.05203181322362438
isotonic cross-fitted on training years,onset,28,-0.07562102698312678,-0.03567313935250915,0.03994788763061763
isotonic on validation years,dry,7,0.024250698397831227,0.10804956508917662,0.0837988666913454
isotonic on validation years,dry,14,-0.014143040185574218,0.19436084377073215,0.20850388395630637
isotonic on validation years,dry,21,-0.08596047352701786,0.19736950118068064,0.2833299747076985
isotonic on validation years,dry,28,-0.15294406350135215,0.21340420958216855,0.3663482730835207
isotonic on validation years,heavy,7,0.007255587199731628,0.045296802612629694,0.038041215412898066
isotonic on validation years,heavy,14,-0.007161850786248314,0.04969281914465662,0.05685466993090493
isotonic on validation years,heavy,21,-0.06106393715670855,0.08490056712572436,0.1459645042824329
isotonic on validation years,heavy,28,-0.0988709602440474,0.0897092360780104,0.1885801963220578
isotonic on validation years,onset,7,-0.00941751514633582,0.09110230446000978,0.1005198196063456
isotonic on validation years,onset,14,-0.09107007484541829,0.15708465817031314,0.24815473301573143
isotonic on validation years,onset,21,-0.14062427018358648,0.13298174030629306,0.27360601048987954
isotonic on validation years,onset,28,-0.13812870484917195,0.14770291142451508,0.28583161627368703
uncalibrated,dry,7,0.03937980959352605,0.031726817712669164,-0.007652991880856885
uncalibrated,dry,14,0.023812594595871595,0.05433713693258402,0.030524542336712424
uncalibrated,dry,21,0.005885765127147002,0.02694065133194734,0.021054886204800338
uncalibrated,dry,28,-0.008292690965105098,-0.011838520090162064,-0.003545829125056965
uncalibrated,heavy,7,0.011982204282784403,0.016113648929782398,0.004131444646997995
uncalibrated,heavy,14,-0.017622698726206698,0.02689542173405124,0.04451812046025794
uncalibrated,heavy,21,-0.03925690348342403,0.0424803952906625,0.08173729877408653
uncalibrated,heavy,28,-0.06156598596972551,0.03948403670391032,0.10105002267363583
uncalibrated,onset,7,0.017163433537846995,0.03178188137594351,0.014618447838096515
uncalibrated,onset,14,-0.037244203992290226,0.0443542913080236,0.08159849530031382
uncalibrated,onset,21,-0.08182355641232197,0.005737268789523187,0.08756082520184516
uncalibrated,onset,28,-0.10484145815698542,-0.012576996155317488,0.09226446200166794
