model,target,horizon,n,n_pos,base_rate,bss,auc
lightgbm_isotonic_cv,dry,7,4140,884,0.2135,0.0319,0.7901
lightgbm_isotonic_cv,dry,14,4110,1286,0.3129,0.0188,0.7724
lightgbm_isotonic_cv,dry,21,4050,1626,0.4015,0.0044,0.7715
lightgbm_isotonic_cv,dry,28,4020,1916,0.4766,-0.0099,0.7736
lightgbm_isotonic_cv,heavy,7,4140,212,0.0512,0.0197,0.7528
lightgbm_isotonic_cv,heavy,14,4110,399,0.0971,-0.0072,0.735
lightgbm_isotonic_cv,heavy,21,4050,565,0.1395,-0.0327,0.7126
lightgbm_isotonic_cv,heavy,28,4020,721,0.1794,-0.0531,0.6878
lightgbm_isotonic_cv,onset,7,1432,194,0.1355,0.0315,0.7562
lightgbm_isotonic_cv,onset,14,1425,380,0.2667,0.0008,0.745
lightgbm_isotonic_cv,onset,21,1411,545,0.3863,-0.0139,0.709
lightgbm_isotonic_cv,onset,28,1404,703,0.5007,-0.0756,0.6674
